{
  "name": "Lucy",
  "happiness": 88.815935315,
  "hungry": 31.086295600000007,
  "cleaning": 96.3121651,
  "fun": 91.43416719999998,
  "drowsiness": 1.39629544,
  "timestamp": 1770646877145,
  "life": 100,
  "attack": 10,
  "defense": 10,
  "speed": 10,
  "type": [
    "EARTH"
  ],
  "toys": 0,
  "food": 0,
  "soap": 0,
  "coins": 0,
  "lastState": "Idle",
  "hungerFactor": 0.05,
  "cleanFactor": 0.02,
  "funFactor": 0.03
}