{
  "name": "but",
  "happiness": 58.71766521000004,
  "hungry": 58.98421199999993,
  "cleaning": 69.76331410000017,
  "fun": 55.76184099999986,
  "drowsiness": 31.670282259999944,
  "timestamp": 1770670717587,
  "life": 100,
  "attack": 10,
  "defense": 10,
  "speed": 10,
  "type": [
    "EARTH"
  ],
  "toys": 0,
  "food": 0,
  "soap": 0,
  "coins": 0,
  "lastState": "Idle",
  "hungerFactor": 0.05,
  "cleanFactor": 0.02,
  "funFactor": 0.03
}