{
  "name": "lady",
  "happiness": 37.936478924999975,
  "hungry": 75.14519020000004,
  "cleaning": 25.48962979999992,
  "fun": 21.298353900000027,
  "drowsiness": 19.896877800000013,
  "timestamp": 1770673362282,
  "life": 76,
  "attack": 10,
  "defense": 10,
  "speed": 10,
  "type": [
    "EARTH"
  ],
  "toys": 0,
  "food": 0,
  "soap": 0,
  "coins": 0,
  "lastState": "Idle",
  "hungerFactor": 0.05,
  "cleanFactor": 0.02,
  "funFactor": 0.03
}