{
  "name": "day",
  "happiness": 45.649057789999944,
  "hungry": 97.74556559999988,
  "cleaning": 77.28533719999969,
  "fun": 15.928005799999967,
  "drowsiness": 26.046946239999997,
  "timestamp": 1770594429461,
  "life": 0,
  "attack": 10,
  "defense": 10,
  "speed": 10,
  "type": [
    "EARTH"
  ],
  "toys": 0,
  "food": 0,
  "soap": 0,
  "coins": 0,
  "lastState": "Dead",
  "hungerFactor": 0.05,
  "cleanFactor": 0.02,
  "funFactor": 0.03
}