{
  "name": "Buddy",
  "happiness": 55.72521255000006,
  "hungry": 100.0,
  "cleaning": 91.45042510000013,
  "fun": 94.30028340000007,
  "drowsiness": 100.0,
  "timestamp": 1770299806189,
  "life": 100,
  "attack": 10,
  "defense": 10,
  "speed": 10,
  "type": [
    "NONE"
  ],
  "toys": 0,
  "food": -2551,
  "soap": 0,
  "coins": 0
}