{
  "name": "but",
  "happiness": 50.33297749999995,
  "hungry": 40.53141999999998,
  "cleaning": 80.68022419999987,
  "fun": 61.183105799999915,
  "drowsiness": 100.0,
  "timestamp": 1770671643635,
  "life": 44,
  "attack": 10,
  "defense": 10,
  "speed": 10,
  "type": [
    "EARTH"
  ],
  "toys": 0,
  "food": 0,
  "soap": 0,
  "coins": 0,
  "lastState": "Idle",
  "hungerFactor": 0.05,
  "cleanFactor": 0.02,
  "funFactor": 0.03
}