{
  "name": "rob",
  "happiness": 48.88164740499995,
  "hungry": 0.0,
  "cleaning": 74.62776169999987,
  "fun": 11.941642549999933,
  "drowsiness": 14.28775808,
  "timestamp": 1770585312020,
  "life": 0,
  "attack": 10,
  "defense": 10,
  "speed": 10,
  "type": [
    "EARTH"
  ],
  "toys": 0,
  "food": 0,
  "soap": 0,
  "coins": 0,
  "lastState": "Cleaning",
  "hungerFactor": 0.05,
  "cleanFactor": 0.02,
  "funFactor": 0.03
}