{
  "name": "Buddy",
  "happiness": 64.24412428500003,
  "hungry": 69.85365790000009,
  "cleaning": 95.22618444999996,
  "fun": 84.47417370000014,
  "drowsiness": 100.0,
  "timestamp": 1770384622473,
  "life": 100,
  "attack": 10,
  "defense": 10,
  "speed": 10,
  "type": [
    "NONE"
  ],
  "toys": 0,
  "food": -1315,
  "soap": 0,
  "coins": 0
}