{
  "name": "Buddy",
  "happiness": 67.62856309999998,
  "hungry": 62.81643945000002,
  "cleaning": 93.69909689999996,
  "fun": 40.54864534999999,
  "drowsiness": 0.9170504,
  "timestamp": 1770504374962,
  "life": 100,
  "attack": 10,
  "defense": 10,
  "speed": 10,
  "type": [
    "NONE"
  ],
  "toys": 0,
  "food": 0,
  "soap": 0,
  "coins": 0,
  "lastState": "Eating",
  "hungerFactor": 0.05,
  "cleanFactor": 0.02,
  "funFactor": 0.03
}